title,text
プロジェクト進捗のご報告,お世話になっております。現在のプロジェクトの進捗についてご報告いたします。詳細は添付ファイルをご確認ください。
重要: 定例会議のご案内,来週の定例会議の日時についてお知らせいたします。ご参加をお待ちしております。
新サービスのご紹介,弊社の新サービスをご紹介いたします。ぜひご検討ください。
クライアントへの提案書,お世話になっております。クライアントへの提案書を作成いたしましたので、ご確認ください。
セミナー開催のお知らせ,お世話になっております。来月、セミナーを開催いたしますので、ぜひご参加ください。
製品カタログの送付,新製品のカタログをお送りいたします。ご興味があれば、ぜひご連絡ください。
納期についてのご確認,お世話になっております。納期に関する確認をさせていただきます。
お礼のご挨拶,お世話になっております。先日はありがとうございました。お礼を申し上げます。
新年のご挨拶,新年明けましておめでとうございます。今年もどうぞよろしくお願いいたします。
特別割引のご案内,お客様への特別割引のお知らせです。ぜひご利用ください。
プロジェクトのご依頼,新しいプロジェクトのご依頼についてお知らせいたします。詳細は添付をご覧ください。
お客様満足度調査のお願い,お世話になっております。お客様満足度調査にご協力いただけますと幸いです。
新商品のご案内,新商品が入荷いたしました。ぜひご覧ください。
お知らせ: 営業日変更のお知らせ,営業日が変更になりますので、お知らせいたします。
特別イベントのご招待,特別イベントにご招待いたします。ぜひご参加ください。
お得なキャンペーンのご案内,お得なキャンペーンを実施中です。詳細はお知らせいたします。
定期メンテナンスのお知らせ,システムの定期メンテナンスを行いますので、お知らせいたします。
ご契約更新のご案内,ご契約の更新についてお知らせいたします。
お知らせ: 重要なセキュリティ警告,お客様のアカウントに関する重要な警告です。確認をお願いいたします。
特別キャンペーンのお知らせ,今なら特別キャンペーンを実施中です。詳細はお見逃しなく！
重要: あなたのアカウントが不正利用されています,お客様のアカウントに不正利用の疑いがあります。すぐに確認してください。
緊急: 受信トレイの確認が必要です,あなたの受信トレイが満杯です。今すぐ確認しないと重要なメールが受け取れなくなります！
おめでとうございます！賞品が当たりました,お客様は特別な賞品に当選されました。詳細をお知らせしますので、こちらのリンクをクリックしてください！
